typeName,idShort,value,valueType,category,descriptionEN,descriptionDE,semanticId
SubmodelElementCollection,VacuumGripper,,,,,,
SubmodelElementCollection,VacuumGripper.HardwareControl_Intake,,,,,,
SubmodelElementCollection,Effect,,,,,,
Property,VacuumGripper.DO_VacuumOn,TRUE,bool,,,,
ReferenceElement,Call,VacuumGripper,,,,,
End-SubmodelElementCollection,,,,,,,
End-SubmodelElementCollection,,,,,,,
SubmodelElementCollection,VacuumGripper.HardwareControl_Release,,,,,,
SubmodelElementCollection,Effect,,,,,,
Property,VacuumGripper.DO_VacuumOn,FALSE,bool,,,,
ReferenceElement,Call,VacuumGripper,,,,,
End-SubmodelElementCollection,,,,,,,
End-SubmodelElementCollection,,,,,,,
SubmodelElementCollection,VacuumGripper.HardwareControl_VacuumHitOff,,,,,,
SubmodelElementCollection,Effect,,,,,,
Property,VacuumGripper.VacuumHit,FALSE,bool,,,,
ReferenceElement,Call,VacuumGripper,,,,,
End-SubmodelElementCollection,,,,,,,
End-SubmodelElementCollection,,,,,,,
SubmodelElementCollection,VacuumGripper.HardwareControl_VacuumHitOn,,,,,,
SubmodelElementCollection,Effect,,,,,,
Property,VacuumGripper.VacuumHit,TRUE,bool,,,,
ReferenceElement,Call,VacuumGripper,,,,,
End-SubmodelElementCollection,,,,,,,
End-SubmodelElementCollection,,,,,,,
End-SubmodelElementCollection,,,,,,,
SubmodelElementCollection,Motor,,,,,,
SubmodelElementCollection,Motor.HardwareControl_Stop,,,,,,
SubmodelElementCollection,Effect,,,,,,
Property,Motor.DO_TurnClockwise,FALSE,bool,,,,
Property,Motor.DO_TurnCounterclockwise,FALSE,bool,,,,
Property,Motor.Stopped,TRUE,bool,,,,
Property,Motor.TurningClockwise,FALSE,bool,,,,
Property,Motor.TurningCounterclockwise,FALSE,bool,,,,
ReferenceElement,Call,Motor,,,,,
End-SubmodelElementCollection,,,,,,,
End-SubmodelElementCollection,,,,,,,
SubmodelElementCollection,Motor.HardwareControl_TurnClockwise,,,,,,
SubmodelElementCollection,Effect,,,,,,
Property,Motor.DO_TurnClockwise,TRUE,bool,,,,
Property,Motor.DO_TurnCounterclockwise,FALSE,bool,,,,
Property,Motor.Stopped,FALSE,bool,,,,
Property,Motor.TurningClockwise,TRUE,bool,,,,
Property,Motor.TurningCounterclockwise,FALSE,bool,,,,
ReferenceElement,Call,Motor,,,,,
End-SubmodelElementCollection,,,,,,,
End-SubmodelElementCollection,,,,,,,
SubmodelElementCollection,Motor.HardwareControl_TurnCounterclockwise,,,,,,
SubmodelElementCollection,Effect,,,,,,
Property,Motor.DO_TurnClockwise,FALSE,bool,,,,
Property,Motor.DO_TurnCounterclockwise,TRUE,bool,,,,
Property,Motor.Stopped,FALSE,bool,,,,
Property,Motor.TurningClockwise,FALSE,bool,,,,
Property,Motor.TurningCounterclockwise,TRUE,bool,,,,
ReferenceElement,Call,Motor,,,,,
End-SubmodelElementCollection,,,,,,,
End-SubmodelElementCollection,,,,,,,
End-SubmodelElementCollection,,,,,,,
SubmodelElementCollection,BistableCylinder,,,,,,
SubmodelElementCollection,BistableCylinder.HardwareControl_Extend,,,,,,
SubmodelElementCollection,Effect,,,,,,
Property,BistableCylinder.DO_Extend,TRUE,bool,,,,
Property,BistableCylinder.DO_Retract,FALSE,bool,,,,
ReferenceElement,Call,BistableCylinder,,,,,
End-SubmodelElementCollection,,,,,,,
End-SubmodelElementCollection,,,,,,,
SubmodelElementCollection,BistableCylinder.HardwareControl_Retract,,,,,,
SubmodelElementCollection,Effect,,,,,,
Property,BistableCylinder.DO_Extend,FALSE,bool,,,,
Property,BistableCylinder.DO_Retract,TRUE,bool,,,,
ReferenceElement,Call,BistableCylinder,,,,,
End-SubmodelElementCollection,,,,,,,
End-SubmodelElementCollection,,,,,,,
End-SubmodelElementCollection,,,,,,,
SubmodelElementCollection,MonostableCylinder,,,,,,
SubmodelElementCollection,MonostableCylinder.HardwareControl_Extend,,,,,,
SubmodelElementCollection,Effect,,,,,,
Property,MonostableCylinder.DO_Extend,TRUE,bool,,,,
ReferenceElement,Call,MonostableCylinder,,,,,
End-SubmodelElementCollection,,,,,,,
End-SubmodelElementCollection,,,,,,,
SubmodelElementCollection,MonostableCylinder.HardwareControl_Retract,,,,,,
SubmodelElementCollection,Effect,,,,,,
Property,MonostableCylinder.DO_Extend,FALSE,bool,,,,
ReferenceElement,Call,MonostableCylinder,,,,,
End-SubmodelElementCollection,,,,,,,
End-SubmodelElementCollection,,,,,,,
End-SubmodelElementCollection,,,,,,,
SubmodelElementCollection,Switch,,,,,,
SubmodelElementCollection,Switch.HardwareControl_Extend,,,,,,
SubmodelElementCollection,Effect,,,,,,
Property,Switch.DO_Extend,TRUE,bool,,,,
ReferenceElement,Call,Switch,,,,,
End-SubmodelElementCollection,,,,,,,
End-SubmodelElementCollection,,,,,,,
SubmodelElementCollection,Switch.HardwareControl_Retract,,,,,,
SubmodelElementCollection,Effect,,,,,,
Property,Switch.DO_Extend,FALSE,bool,,,,
ReferenceElement,Call,Switch,,,,,
End-SubmodelElementCollection,,,,,,,
End-SubmodelElementCollection,,,,,,,
End-SubmodelElementCollection,,,,,,,
SubmodelElementCollection,Crane,,,,,,
SubmodelElementCollection,Crane.HardwareControl_CarrierStop,,,,,,
ReferenceElement,Call,Motor.HardwareControl_Stop,,,,,
End-SubmodelElementCollection,,,,,,,
SubmodelElementCollection,Crane.HardwareControl_CarrierTurnClockwise,,,,,,
ReferenceElement,Call,Motor.HardwareControl_TurnClockwise,,,,,
End-SubmodelElementCollection,,,,,,,
SubmodelElementCollection,Crane.HardwareControl_CarrierTurnCounterclockwise,,,,,,
ReferenceElement,Call,Motor.HardwareControl_TurnCounterclockwise,,,,,
End-SubmodelElementCollection,,,,,,,
End-SubmodelElementCollection,,,,,,,
SubmodelElementCollection,PicAlpha,,,,,,
SubmodelElementCollection,PicAlpha.HardwareControl_CarrierBackward,,,,,,
ReferenceElement,Call,Motor.HardwareControl_TurnCounterclockwise,,,,,
End-SubmodelElementCollection,,,,,,,
SubmodelElementCollection,PicAlpha.HardwareControl_CarrierForward,,,,,,
ReferenceElement,Call,Motor.HardwareControl_TurnClockwise,,,,,
End-SubmodelElementCollection,,,,,,,
SubmodelElementCollection,PicAlpha.HardwareControl_CarrierStop,,,,,,
ReferenceElement,Call,Motor.HardwareControl_Stop,,,,,
End-SubmodelElementCollection,,,,,,,
End-SubmodelElementCollection,,,,,,,
SubmodelElementCollection,Conveyor,,,,,,
SubmodelElementCollection,Conveyor.HardwareControl_ConveyorBackward,,,,,,
ReferenceElement,Call,Motor.HardwareControl_TurnCounterclockwise,,,,,
End-SubmodelElementCollection,,,,,,,
SubmodelElementCollection,Conveyor.HardwareControl_ConveyorForward,,,,,,
ReferenceElement,Call,Motor.HardwareControl_TurnClockwise,,,,,
End-SubmodelElementCollection,,,,,,,
SubmodelElementCollection,Conveyor.HardwareControl_ConveyorStop,,,,,,
ReferenceElement,Call,Motor.HardwareControl_Stop,,,,,
End-SubmodelElementCollection,,,,,,,
End-SubmodelElementCollection,,,,,,,
SubmodelElementCollection,LargeSortingConveyor,,,,,,
SubmodelElementCollection,LargeSortingConveyor.HardwareControl_Ramp1Pusher_Extend,,,,,,
ReferenceElement,Call,MonostableCylinder.HardwareControl_Extend,,,,,
End-SubmodelElementCollection,,,,,,,
SubmodelElementCollection,LargeSortingConveyor.HardwareControl_Ramp1Pusher_Retract,,,,,,
ReferenceElement,Call,MonostableCylinder.HardwareControl_Retract,,,,,
End-SubmodelElementCollection,,,,,,,
SubmodelElementCollection,LargeSortingConveyor.HardwareControl_Ramp2Pusher_Extend,,,,,,
ReferenceElement,Call,MonostableCylinder.HardwareControl_Extend,,,,,
End-SubmodelElementCollection,,,,,,,
SubmodelElementCollection,LargeSortingConveyor.HardwareControl_Ramp2Pusher_Retract,,,,,,
ReferenceElement,Call,MonostableCylinder.HardwareControl_Retract,,,,,
End-SubmodelElementCollection,,,,,,,
SubmodelElementCollection,LargeSortingConveyor.HardwareControl_Switch_Extend,,,,,,
ReferenceElement,Call,Switch.HardwareControl_Extend,,,,,
End-SubmodelElementCollection,,,,,,,
SubmodelElementCollection,LargeSortingConveyor.HardwareControl_Switch_Retract,,,,,,
ReferenceElement,Call,Switch.HardwareControl_Retract,,,,,
End-SubmodelElementCollection,,,,,,,
End-SubmodelElementCollection,,,,,,,
SubmodelElementCollection,PicAlphaConveyor,,,,,,
SubmodelElementCollection,PicAlphaConveyor.HardwareControl_IncreaseWPNumberAtPAC,,,,,,
SubmodelElementCollection,Effect,,,,,,
Property,PicAlphaConveyor.m_WPNumberAtPAC,m_WPNumberAtPAC + 1,,,,,
End-SubmodelElementCollection,,,,,,,
End-SubmodelElementCollection,,,,,,,
SubmodelElementCollection,PicAlphaConveyor.HardwareControl_ReduceWPNumberAtPAC,,,,,,
SubmodelElementCollection,Effect,,,,,,
Property,PicAlphaConveyor.m_WPNumberAtPAC,m_WPNumberAtPAC - 1,,,,,
End-SubmodelElementCollection,,,,,,,
End-SubmodelElementCollection,,,,,,,
SubmodelElementCollection,PicAlphaConveyor.HardwareControl_ResetWPNumberAtPAC,,,,,,
SubmodelElementCollection,Effect,,,,,,
Property,PicAlphaConveyor.m_WPNumberAtPAC,0,,,,,
ReferenceElement,Call,PicAlphaConveyor,,,,,
End-SubmodelElementCollection,,,,,,,
End-SubmodelElementCollection,,,,,,,
SubmodelElementCollection,PicAlphaConveyor.HardwareControl_Switch_Extend,,,,,,
ReferenceElement,Call,Switch.HardwareControl_Extend,,,,,
End-SubmodelElementCollection,,,,,,,
SubmodelElementCollection,PicAlphaConveyor.HardwareControl_Switch_Retract,,,,,,
ReferenceElement,Call,Switch.HardwareControl_Retract,,,,,
End-SubmodelElementCollection,,,,,,,
End-SubmodelElementCollection,,,,,,,
SubmodelElementCollection,RefeedingConveyor,,,,,,
SubmodelElementCollection,RefeedingConveyor.HardwareControl_Switch_Extend,,,,,,
ReferenceElement,Call,Switch.HardwareControl_Extend,,,,,
End-SubmodelElementCollection,,,,,,,
SubmodelElementCollection,RefeedingConveyor.HardwareControl_Switch_Retract,,,,,,
ReferenceElement,Call,Switch.HardwareControl_Retract,,,,,
End-SubmodelElementCollection,,,,,,,
End-SubmodelElementCollection,,,,,,,
SubmodelElementCollection,SmallSortingConveyor,,,,,,
SubmodelElementCollection,SmallSortingConveyor.HardwareControl_Switch_Extend,,,,,,
ReferenceElement,Call,Switch.HardwareControl_Extend,,,,,
End-SubmodelElementCollection,,,,,,,
SubmodelElementCollection,SmallSortingConveyor.HardwareControl_Switch_Retract,,,,,,
ReferenceElement,Call,Switch.HardwareControl_Retract,,,,,
End-SubmodelElementCollection,,,,,,,
End-SubmodelElementCollection,,,,,,,
